<?xml version="1.0" encoding="UTF-8"?>

<configuration status="off">

	<properties>
		<property name="file_path">/home/voice/logs</property>
	</properties>

	<appenders>
		<Console name="Console" target="SYSTEM_OUT">
			<PatternLayout
				pattern="[%-5level] [%date] [%thread] [%X{token}] %C.%method\(%line\) - %msg%n" />
		</Console>

		<RollingRandomAccessFile name="debug_file"
			fileName="${file_path}/debug.log" filePattern="${file_path}/debug.%d{yyyy-MM-dd-HH-mm}.log.gz"
			append="true">
			<PatternLayout
				pattern="[%-5level] [%date] [%thread] [%X{token}] %C.%method\(%line\) - %msg%n" />
			<Policies>
				<TimeBasedTriggeringPolicy modulate="true"
					interval="1" />
			</Policies>
			<DefaultRolloverStrategy max="365" />
		</RollingRandomAccessFile>

	</appenders>
	<loggers>
		<root includeLocation="true" level="DEBUG">
			<appender-ref ref="Console" />
			<appender-ref ref="debug_file" />
		</root>

		<logger name="com.yzx" level="debug" />

		<logger name="org.mybatis" level="warn" />
		<logger name="org.apache.ibatis" level="warn" />
		<logger name="org.apache.cxf" level="info" />
		<logger name="org.quartz.core" level="warn" />
		<logger name="org.quartz.impl" level="warn" />
		<logger name="org.springframework" level="warn" />
		<logger name="io.netty" level="warn" />
		<logger name="org.apache.http" level="warn" />
	</loggers>

</configuration>
